{
  "export_timestamp": 1762005143.9491904,
  "export_datetime": "2025-11-01T13:52:23.949192",
  "completed_tasks": 30,
  "rejected_tasks": 0,
  "allocation_decisions": 30,
  "vehicle_count": 3,
  "destination_count": 8,
  "message_statistics": {
    "cfp_sent": 30,
    "proposals_received": 90,
    "assignments_sent": 30,
    "acceptances_received": 30,
    "completions_received": 30,
    "updates_received": 106
  },
  "fairness_metrics": {
    "gini_coefficients": [
      0.6666666666666667,
      0.3333333333333335,
      0.4444444444444444,
      0.16666666666666674,
      0.26666666666666683,
      0.3333333333333335,
      0.2857142857142858,
      0.16666666666666674,
      0.22222222222222232,
      0.26666666666666683,
      0.3030303030303032,
      0.2777777777777779,
      0.3076923076923077,
      0.2857142857142858,
      0.22222222222222232,
      0.25,
      0.196078431372549,
      0.18518518518518534,
      0.14035087719298245,
      0.16666666666666674,
      0.15873015873015883,
      0.12121212121212133,
      0.14492753623188404,
      0.13888888888888906,
      0.10666666666666669,
      0.10256410256410264,
      0.07407407407407418,
      0.0714285714285714,
      0.09195402298850586,
      0.06666666666666665
    ],
    "average_gini": 0.21880706062289584
  },
  "performance_summary": {
    "avg_response_time": 1.2177123864491781,
    "avg_execution_time": 13.055505752563477
  }
}